id;id_type;chinese_name;english_name;gender;birth_date;race;nation;address;postcode;telephone
1;Passport;Internal deposit hard drive;stable back up District;22119;2020-05-02T12:35:16;Morocco virtual;Azerbaijan high-level;Berkshire Multi-lateral;Concrete;862.609.2624 x6034
2;IdCard;Falkland Islands (Malvinas);contingency middleware;60932;2020-05-03T00:49:46;United States of America Small;Circle content;RSS Maine Missouri;Chief violet Versatile;(833) 697-6146 x7607
3;Passport;Awesome Steel Pants Reunion Fantastic Fresh Salad;Stand-alone Borders Sleek Cotton Hat;80414;2020-05-02T22:20:03;Granite;facilitate;Internal success;Awesome Soft Soap invoice;216.296.7161
4;IdCard;Buckinghamshire Senior Operations;Health Panama;23830;2020-05-03T01:00:54;Generic;Chicken navigating cyan;Savings Account SCSI;SDD orchestrate;002-984-7745 x6628
5;IdCard;24/7 Grenada capacitor;supply-chains synthesizing Infrastructure;98196;2020-05-03T02:58:51;Credit Card Account;Armenia;Car deposit;feed neural silver;499.471.2944 x14812
6;IdCard;Steel Quetzal virtual;Alaska Home Micronesia;77095;2020-05-02T20:21:21;object-oriented syndicate;Frozen e-services encryption;lavender turquoise invoice;Generic Fiji Dollar;1-028-667-3648 x114
7;IdCard;Home Loan Account partnerships;indigo capacitor Stand-alone;5550;2020-05-02T15:01:41;Solomon Islands;rich;Savings Account;impactful Home Loan Account;(849) 919-5657
8;IdCard;generating;Lead Cambridgeshire;14083;2020-05-02T17:35:16;Practical Concrete Soap Auto Loan Account;Generic Wooden Car Small Shoes;B2C Sausages Cotton;Heard Island and McDonald Islands schemas Plain;(800) 821-6630 x9665
9;IdCard;Montana;Savings Account Officer;41150;2020-05-02T09:15:08;capacitor teal bluetooth;Practical Wooden Chicken;cross-platform Open-architected Fully-configurable;bypass architectures;1-025-277-1868 x588
10;Passport;reintermediate;Self-enabling;59508;2020-05-02T23:13:13;Croatia Cambridgeshire;Synergistic methodical;Technician;Games;108.715.6767 x739
